"key_id","judge_id","full_name","first_name","last_name","last_name_latin","last_name_label","last_name_latin_label","member_state_id","member_state","member_state_code","birth_year","gender_id","gender","female","judge_court_of_justice","judge_general_court","judge_civil_service_tribunal","advocate_general","current_status","current_member","count_positions","nonconsecutive_positions","start_date","end_date","start_date_court_of_justice","end_date_court_of_justice","start_date_general_court","end_date_general_court","start_date_civil_service_tribunal","end_date_civil_service_tribunal","start_date_advocate_general","end_date_advocate_general"
1,"J:0101","Louis Delvaux","Louis","Delvaux","Delvaux","Delvaux","Delvaux",1,"Belgium","BE",1895,2,"Male",0,1,0,0,0,"Former CJ judge",0,1,0,1952-12-04,1958-10-07,1952-12-04,1958-10-07,NA,NA,NA,NA,NA,NA
2,"J:0102","Josse Mertens de Wilmars","Josse","Mertens de Wilmars","Mertens de Wilmars","Mertens de Wilmars","Mertens de Wilmars",1,"Belgium","BE",1912,2,"Male",0,1,0,0,0,"Former CJ judge",0,1,0,1967-10-09,1984-04-10,1967-10-09,1984-04-10,NA,NA,NA,NA,NA,NA
3,"J:0103","René Joliet","René","Joliet","Joliet","Joliet","Joliet",1,"Belgium","BE",1938,2,"Male",0,1,0,0,0,"Former CJ judge",0,1,0,1984-04-10,1995-07-15,1984-04-10,1995-07-15,NA,NA,NA,NA,NA,NA
4,"J:0104","Walter Van Gerven","Walter","Van Gerven","Van Gerven","Van Gerven","Van Gerven",1,"Belgium","BE",1935,2,"Male",0,0,0,0,1,"Former AG",0,1,0,1988-10-07,1994-10-06,NA,NA,NA,NA,NA,NA,1988-10-07,1994-10-06
5,"J:0105","Koen Lenaerts","Koen","Lenaerts","Lenaerts","Lenaerts","Lenaerts",1,"Belgium","BE",1954,2,"Male",0,1,1,0,0,"Current CJ judge; Former GC judge",1,2,0,1989-09-25,NA,2003-10-07,NA,1989-09-25,2003-10-06,NA,NA,NA,NA
6,"J:0106","Melchior Wathelet","Melchior","Wathelet","Wathelet","Wathelet","Wathelet",1,"Belgium","BE",1949,2,"Male",0,1,0,0,1,"Former CJ judge; Former AG",0,2,1,1995-09-08,2018-10-08,1995-09-08,2003-10-06,NA,NA,NA,NA,2012-10-08,2018-10-08
7,"J:0107","Franklin Dehousse","Franklin","Dehousse","Dehousse","Dehousse","Dehousse",1,"Belgium","BE",1959,2,"Male",0,0,1,0,0,"Former GC judge",0,1,0,2003-10-07,2016-08-31,NA,NA,2003-10-07,2016-08-31,NA,NA,NA,NA
8,"J:0108","Sean Van Raepenbusch","Sean","Van Raepenbusch","Van Raepenbusch","Van Raepenbusch","Van Raepenbusch",1,"Belgium","BE",1956,2,"Male",0,0,0,1,0,"Former CST judge",0,1,0,2005-10-06,2016-08-31,NA,NA,NA,NA,2005-10-06,2016-08-31,NA,NA
9,"J:0109","Paul Nihoul","Paul","Nihoul","Nihoul","Nihoul","Nihoul",1,"Belgium","BE",1963,2,"Male",0,0,1,0,0,"Current GC judge",1,1,0,2016-09-01,NA,NA,NA,2016-09-01,NA,NA,NA,NA,NA
10,"J:0110","Geert De Baere","Geert","De Baere","De Baere","De Baere","De Baere",1,"Belgium","BE",1979,2,"Male",0,0,1,0,0,"Current GC judge",1,1,0,2017-10-04,NA,NA,NA,2017-10-04,NA,NA,NA,NA,NA
11,"J:0201","Maurice Lagrange","Maurice","Lagrange","Lagrange","Lagrange","Lagrange",2,"France","FR",1900,2,"Male",0,0,0,0,1,"Former AG",0,1,0,1952-12-04,1964-10-08,NA,NA,NA,NA,NA,NA,1952-12-04,1964-10-08
12,"J:0202","Jacques Rueff","Jacques","Rueff","Rueff","Rueff","Rueff",2,"France","FR",1896,2,"Male",0,1,0,0,0,"Former CJ judge",0,1,0,1952-12-04,1962-05-18,1952-12-04,1962-05-18,NA,NA,NA,NA,NA,NA
13,"J:0203","Robert Lecourt","Robert","Lecourt","Lecourt","Lecourt","Lecourt",2,"France","FR",1908,2,"Male",0,1,0,0,0,"Former CJ judge",0,1,0,1962-05-18,1976-10-06,1962-05-18,1976-10-06,NA,NA,NA,NA,NA,NA
14,"J:0204","Joseph Gand","Joseph","Gand","Gand","Gand","Gand",2,"France","FR",1913,2,"Male",0,0,0,0,1,"Former AG",0,1,0,1964-10-08,1970-10-06,NA,NA,NA,NA,NA,NA,1964-10-08,1970-10-06
15,"J:0205","Alain Louis Dutheillet de Lamothe","Alain Louis","Dutheillet de Lamothe","Dutheillet de Lamothe","Dutheillet de Lamothe","Dutheillet de Lamothe",2,"France","FR",1919,2,"Male",0,0,0,0,1,"Former AG",0,1,0,1970-10-07,1972-01-02,NA,NA,NA,NA,NA,NA,1970-10-07,1972-01-02
16,"J:0206","Henri Mayras","Henri","Mayras","Mayras","Mayras","Mayras",2,"France","FR",1920,2,"Male",0,0,0,0,1,"Former AG",0,1,0,1972-03-22,1981-03-18,NA,NA,NA,NA,NA,NA,1972-03-22,1981-03-18
17,"J:0207","Adolphe Touffait","Adolphe","Touffait","Touffait","Touffait","Touffait",2,"France","FR",1907,2,"Male",0,1,0,0,0,"Former CJ judge",0,1,0,1976-10-14,1982-10-06,1976-10-14,1982-10-06,NA,NA,NA,NA,NA,NA
18,"J:0208","Simone Rozès","Simone","Rozès","Rozes","Rozès","Rozes",2,"France","FR",1920,1,"Female",1,0,0,0,1,"Former AG",0,1,0,1981-03-18,1984-02-13,NA,NA,NA,NA,NA,NA,1981-03-18,1984-02-13
19,"J:0209","Fernand Grévisse","Fernand","Grévisse","Grevisse","Grévisse","Grevisse",2,"France","FR",1924,2,"Male",0,1,0,0,0,"Former CJ judge",0,1,1,1981-04-01,1994-10-06,1981-04-01,1994-10-06,NA,NA,NA,NA,NA,NA
20,"J:0210","Yves Galmot","Yves","Galmot","Galmot","Galmot","Galmot",2,"France","FR",1931,2,"Male",0,1,0,0,0,"Former CJ judge",0,1,0,1982-10-07,1988-10-06,1982-10-07,1988-10-06,NA,NA,NA,NA,NA,NA
21,"J:0211","Marco Darmon","Marco","Darmon","Darmon","Darmon","Darmon",2,"France","FR",1930,2,"Male",0,0,0,0,1,"Former AG",0,1,0,1984-02-13,1994-10-06,NA,NA,NA,NA,NA,NA,1984-02-13,1994-10-06
22,"J:0212","Jacques Biancarelli","Jacques","Biancarelli","Biancarelli","Biancarelli","Biancarelli",2,"France","FR",1948,2,"Male",0,0,1,0,0,"Former GC judge",0,1,0,1989-09-01,1995-08-31,NA,NA,1989-09-01,1995-08-31,NA,NA,NA,NA
23,"J:0213","Philippe Léger","Philippe","Léger","Leger","Léger","Leger",2,"France","FR",1938,2,"Male",0,0,0,0,1,"Former AG",0,1,0,1994-10-07,2006-10-06,NA,NA,NA,NA,NA,NA,1994-10-07,2006-10-06
24,"J:0214","Jean-Pierre Puissochet","Jean-Pierre","Puissochet","Puissochet","Puissochet","Puissochet",2,"France","FR",1936,2,"Male",0,1,0,0,0,"Former CJ judge",0,1,0,1994-10-07,2006-10-06,1994-10-07,2006-10-06,NA,NA,NA,NA,NA,NA
25,"J:0215","André Potocki","André","Potocki","Potocki","Potocki","Potocki",2,"France","FR",1950,2,"Male",0,0,1,0,0,"Former GC judge",0,1,0,1995-09-01,2001-08-31,NA,NA,1995-09-01,2001-08-31,NA,NA,NA,NA
26,"J:0216","Hubert Legal","Hubert","Legal","Legal","Legal","Legal",2,"France","FR",1954,2,"Male",0,0,1,0,0,"Former GC judge",0,1,0,2001-09-01,2007-08-31,NA,NA,2001-09-01,2007-08-31,NA,NA,NA,NA
27,"J:0217","Stéphane Gervasoni","Stéphane","Gervasoni","Gervasoni","Gervasoni","Gervasoni",2,"France","FR",1967,2,"Male",0,0,1,1,0,"Current GC judge; Former CST judge",1,2,1,2005-10-01,NA,NA,NA,2013-09-01,NA,2005-10-01,2011-09-30,NA,NA
28,"J:0218","Jean-Claude Bonichot","Jean-Claude","Bonichot","Bonichot","Bonichot","Bonichot",2,"France","FR",1955,2,"Male",0,1,0,0,0,"Current CJ judge",1,1,0,2006-10-07,NA,2006-10-07,NA,NA,NA,NA,NA,NA,NA
29,"J:0219","Yves Bot","Yves","Bot","Bot","Bot","Bot",2,"France","FR",1947,2,"Male",0,0,0,0,1,"Former AG",0,1,0,2006-10-07,2019-06-09,NA,NA,NA,NA,NA,NA,2006-10-07,2019-06-09
30,"J:0220","Laurent Truchot","Laurent","Truchot","Truchot","Truchot","Truchot",2,"France","FR",1962,2,"Male",0,0,1,0,0,"Current GC judge",1,1,1,2007-09-01,NA,NA,NA,2007-09-01,NA,NA,NA,NA,NA
31,"J:0221","Jean Richard de la Tour","Jean Richard","de la Tour","de la Tour","de la Tour","de la Tour",2,"France","FR",1959,2,"Male",0,0,0,0,1,"Current AG",1,1,0,2020-03-23,NA,NA,NA,NA,NA,NA,NA,2020-03-23,NA
32,"J:0301","Otto Riese","Otto","Riese","Riese","Riese","Riese",3,"Germany","DE",1894,2,"Male",0,1,0,0,0,"Former CJ judge",0,1,0,1952-12-04,1963-01-24,1952-12-04,1963-01-24,NA,NA,NA,NA,NA,NA
33,"J:0302","Karl Roemer","Karl","Roemer","Roemer","Roemer","Roemer",3,"Germany","DE",1899,2,"Male",0,0,0,0,1,"Former AG",0,1,0,1953-10-01,1973-10-01,NA,NA,NA,NA,NA,NA,1953-10-01,1973-10-01
34,"J:0303","Walter Strauss","Walter","Strauss","Strauss","Strauss","Strauss",3,"Germany","DE",1900,2,"Male",0,1,0,0,0,"Former CJ judge",0,1,0,1963-02-06,1970-10-06,1963-02-06,1970-10-06,NA,NA,NA,NA,NA,NA
35,"J:0304","Hans Kutscher","Hans","Kutscher","Kutscher","Kutscher","Kutscher",3,"Germany","DE",1911,2,"Male",0,1,0,0,0,"Former CJ judge",0,1,0,1970-10-07,1980-10-30,1970-10-07,1980-10-30,NA,NA,NA,NA,NA,NA
36,"J:0305","Gerhard Reischl","Gerhard","Reischl","Reischl","Reischl","Reischl",3,"Germany","DE",1918,2,"Male",0,0,0,0,1,"Former AG",0,1,0,1973-10-09,1984-01-11,NA,NA,NA,NA,NA,NA,1973-10-09,1984-01-11
37,"J:0306","Ulrich Everling","Ulrich","Everling","Everling","Everling","Everling",3,"Germany","DE",1925,2,"Male",0,1,0,0,0,"Former CJ judge",0,1,0,1980-10-30,1988-10-06,1980-10-30,1988-10-06,NA,NA,NA,NA,NA,NA
38,"J:0307","Kai Bahlmann","Kai","Bahlmann","Bahlmann","Bahlmann","Bahlmann",3,"Germany","DE",1927,2,"Male",0,1,0,0,0,"Former CJ judge",0,1,0,1982-10-07,1988-10-06,1982-10-07,1988-10-06,NA,NA,NA,NA,NA,NA
39,"J:0308","Carl Otto Lenz","Carl Otto","Lenz","Lenz","Lenz","Lenz",3,"Germany","DE",1930,2,"Male",0,0,0,0,1,"Former AG",0,1,0,1984-01-11,1997-10-06,NA,NA,NA,NA,NA,NA,1984-01-11,1997-10-06
40,"J:0309","Manfred Zuleeg","Manfred","Zuleeg","Zuleeg","Zuleeg","Zuleeg",3,"Germany","DE",1935,2,"Male",0,1,0,0,0,"Former CJ judge",0,1,0,1988-10-07,1994-10-06,1988-10-07,1994-10-06,NA,NA,NA,NA,NA,NA
41,"J:0310","Heinrich Kirschner","Heinrich","Kirschner","Kirschner","Kirschner","Kirschner",3,"Germany","DE",1938,2,"Male",0,0,1,0,0,"Former GC judge",0,1,0,1989-09-01,1997-02-06,NA,NA,1989-09-01,1997-02-06,NA,NA,NA,NA
42,"J:0311","Günter Hirsch","Günter","Hirsch","Hirsch","Hirsch","Hirsch",3,"Germany","DE",1943,2,"Male",0,1,0,0,0,"Former CJ judge",0,1,0,1994-10-07,2000-07-14,1994-10-07,2000-07-14,NA,NA,NA,NA,NA,NA
43,"J:0312","Jörg Pirrung","Jörg","Pirrung","Pirrung","Pirrung","Pirrung",3,"Germany","DE",1940,2,"Male",0,0,1,0,0,"Former GC judge",0,1,0,1997-06-11,2007-08-31,NA,NA,1997-06-11,2007-08-31,NA,NA,NA,NA
44,"J:0313","Siegbert Alber","Siegbert","Alber","Alber","Alber","Alber",3,"Germany","DE",1936,2,"Male",0,0,0,0,1,"Former AG",0,1,0,1997-10-07,2003-10-06,NA,NA,NA,NA,NA,NA,1997-10-07,2003-10-06
45,"J:0314","Ninon Colneric","Ninon","Colneric","Colneric","Colneric","Colneric",3,"Germany","DE",1948,1,"Female",1,1,0,0,0,"Former CJ judge",0,1,0,2000-07-15,2006-10-06,2000-07-15,2006-10-06,NA,NA,NA,NA,NA,NA
46,"J:0315","Juliane Kokott","Juliane","Kokott","Kokott","Kokott","Kokott",3,"Germany","DE",1957,1,"Female",1,0,0,0,1,"Current AG",1,1,0,2003-10-07,NA,NA,NA,NA,NA,NA,NA,2003-10-07,NA
47,"J:0316","Horstpeter Kreppel","Horstpeter","Kreppel","Kreppel","Kreppel","Kreppel",3,"Germany","DE",1945,2,"Male",0,0,0,1,0,"Former CST judge",0,1,0,2005-10-06,2016-04-13,NA,NA,NA,NA,2005-10-06,2016-04-13,NA,NA
48,"J:0317","Thomas von Danwitz","Thomas","von Danwitz","von Danwitz","von Danwitz","von Danwitz",3,"Germany","DE",1962,2,"Male",0,1,0,0,0,"Current CJ judge",1,1,0,2006-10-07,NA,2006-10-07,NA,NA,NA,NA,NA,NA,NA
49,"J:0318","Alfred Dittrich","Alfred","Dittrich","Dittrich","Dittrich","Dittrich",3,"Germany","DE",1950,2,"Male",0,0,1,0,0,"Former GC judge",0,1,0,2007-09-01,2019-09-26,NA,NA,2007-09-01,2019-09-26,NA,NA,NA,NA
50,"J:0319","Johannes Christoph Laitenberger","Johannes Christoph","Laitenberger","Laitenberger","Laitenberger","Laitenberger",3,"Germany","DE",1964,2,"Male",0,0,1,0,0,"Current GC judge",1,1,0,2019-09-26,NA,NA,NA,2019-09-26,NA,NA,NA,NA,NA
51,"J:0320","Gabriele Steinfatt","Gabriele","Steinfatt","Steinfatt","Steinfatt","Steinfatt",3,"Germany","DE",1977,1,"Female",1,0,1,0,0,"Current GC judge",1,1,0,2019-09-26,NA,NA,NA,2019-09-26,NA,NA,NA,NA,NA
52,"J:0401","Massimo Pilotti","Massimo","Pilotti","Pilotti","Pilotti","Pilotti",4,"Italy","IT",1879,2,"Male",0,1,0,0,0,"Former CJ judge",0,1,0,1952-12-04,1958-10-06,1952-12-04,1958-10-06,NA,NA,NA,NA,NA,NA
53,"J:0402","Nicola Catalano","Nicola","Catalano","Catalano","Catalano","Catalano",4,"Italy","IT",1910,2,"Male",0,1,0,0,0,"Former CJ judge",0,1,0,1958-10-07,1962-01-01,1958-10-07,1962-01-01,NA,NA,NA,NA,NA,NA
54,"J:0403","Rino Rossi","Rino","Rossi","Rossi","Rossi, R.","Rossi, R.",4,"Italy","IT",1889,2,"Male",0,1,0,0,0,"Former CJ judge",0,1,0,1958-10-07,1964-10-06,1958-10-07,1964-10-06,NA,NA,NA,NA,NA,NA
55,"J:0404","Alberto Trabucchi","Alberto","Trabucchi","Trabucchi","Trabucchi","Trabucchi",4,"Italy","IT",1907,2,"Male",0,1,0,0,1,"Former CJ judge; Former AG",0,2,0,1962-03-08,1976-10-06,1962-03-08,1972-12-12,NA,NA,NA,NA,1973-01-09,1976-10-06
56,"J:0405","Riccardo Monaco","Riccardo","Monaco","Monaco","Monaco","Monaco",4,"Italy","IT",1909,2,"Male",0,1,0,0,0,"Former CJ judge",0,1,0,1964-10-08,1975-10-07,1964-10-08,1975-10-07,NA,NA,NA,NA,NA,NA
57,"J:0406","Francesco Capotorti","Francesco","Capotorti","Capotorti","Capotorti","Capotorti",4,"Italy","IT",1925,2,"Male",0,1,0,0,1,"Former CJ judge; Former AG",0,2,0,1976-01-20,1982-10-06,1976-01-20,1976-10-06,NA,NA,NA,NA,1976-10-07,1982-10-06
58,"J:0407","Giacinto Bosco","Giacinto","Bosco","Bosco","Bosco","Bosco",4,"Italy","IT",1905,2,"Male",0,1,0,0,0,"Former CJ judge",0,1,0,1976-10-07,1988-10-06,1976-10-07,1988-10-06,NA,NA,NA,NA,NA,NA
59,"J:0408","Giuseppe Federico Mancini","Giuseppe Federico","Mancini","Mancini","Mancini","Mancini",4,"Italy","IT",1927,2,"Male",0,1,0,0,1,"Former CJ judge; Former AG",0,2,0,1982-10-07,1999-07-21,1988-10-07,1999-07-21,NA,NA,NA,NA,1982-10-07,1988-10-06
60,"J:0409","Giuseppe Tesauro","Giuseppe","Tesauro","Tesauro","Tesauro","Tesauro",4,"Italy","IT",1942,2,"Male",0,0,0,0,1,"Former AG",0,1,0,1988-10-07,1998-03-04,NA,NA,NA,NA,NA,NA,1988-10-07,1998-03-04
61,"J:0410","Antonio Saggio","Antonio","Saggio","Saggio","Saggio","Saggio",4,"Italy","IT",1934,2,"Male",0,0,1,0,1,"Former GC judge; Former AG",0,2,0,1989-09-01,2000-10-06,NA,NA,1989-09-01,1998-03-04,NA,NA,1998-03-05,2000-10-06
62,"J:0411","Antonio Mario La Pergola","Antonio Mario","La Pergola","La Pergola","La Pergola","La Pergola",4,"Italy","IT",1931,2,"Male",0,1,0,0,1,"Former CJ judge; Former AG",0,2,1,1994-10-07,2006-05-03,1994-10-07,2006-05-03,NA,NA,NA,NA,1995-01-01,1999-12-14
63,"J:0412","Paolo Mengozzi","Paolo","Mengozzi","Mengozzi","Mengozzi","Mengozzi",4,"Italy","IT",1938,2,"Male",0,0,1,0,1,"Former GC judge; Former AG",0,2,0,1998-03-04,2018-10-08,NA,NA,1998-03-04,2006-05-03,NA,NA,2006-05-04,2018-10-08
64,"J:0413","Antonio Tizzano","Antonio","Tizzano","Tizzano","Tizzano","Tizzano",4,"Italy","IT",1940,2,"Male",0,1,0,0,1,"Former CJ judge; Former AG",0,2,0,2000-10-07,2018-10-08,2006-05-04,2018-10-08,NA,NA,NA,NA,2000-10-07,2006-05-03
65,"J:0414","Enzo Moavero Milanesi","Enzo","Moavero Milanesi","Moavero Milanesi","Moavero Milanesi","Moavero Milanesi",4,"Italy","IT",1954,2,"Male",0,0,1,0,0,"Former GC judge",0,1,0,2006-05-03,2011-11-15,NA,NA,2006-05-03,2011-11-15,NA,NA,NA,NA
66,"J:0415","Ezio Perillo","Ezio","Perillo","Perillo","Perillo","Perillo",4,"Italy","IT",1950,2,"Male",0,0,1,1,0,"Former GC judge; Former CST judge",0,2,0,2011-10-06,2016-09-19,NA,NA,2016-09-19,2019-09-26,2011-10-06,2016-08-31,NA,NA
67,"J:0416","Guido Berardis","Guido","Berardis","Berardis","Berardis","Berardis",4,"Italy","IT",1950,2,"Male",0,0,1,0,0,"Former GC judge",0,1,0,2012-09-07,2019-09-26,NA,NA,2012-09-07,2019-09-26,NA,NA,NA,NA
68,"J:0417","Giovanni Pitruzzella","Giovanni","Pitruzzella","Pitruzzella","Pitruzzella","Pitruzzella",4,"Italy","IT",1959,2,"Male",0,0,0,0,1,"Current AG",1,1,0,2018-10-08,NA,NA,NA,NA,NA,NA,NA,2018-10-08,NA
69,"J:0418","Lucia Serena Rossi","Lucia Serena","Rossi","Rossi","Rossi, L.","Rossi, L.",4,"Italy","IT",1958,1,"Female",1,1,0,0,0,"Current CJ judge",1,1,0,2018-10-08,NA,2018-10-08,NA,NA,NA,NA,NA,NA,NA
70,"J:0419","Roberto Mastroianni","Roberto","Mastroianni","Mastroianni","Mastroianni","Mastroianni",4,"Italy","IT",1964,2,"Male",0,0,1,0,0,"Current GC judge",1,1,0,2019-09-26,NA,NA,NA,2019-09-26,NA,NA,NA,NA,NA
71,"J:0420","Ornella Porchia","Ornella","Porchia","Porchia","Porchia","Porchia",4,"Italy","IT",1966,1,"Female",1,0,1,0,0,"Current GC judge",1,1,0,2019-09-26,NA,NA,NA,2019-09-26,NA,NA,NA,NA,NA
72,"J:0501","Charles Léon Hammes","Charles Léon","Hammes","Hammes","Hammes","Hammes",5,"Luxembourg","LU",1898,2,"Male",0,1,0,0,0,"Former CJ judge",0,1,0,1952-12-04,1967-10-09,1952-12-04,1967-10-09,NA,NA,NA,NA,NA,NA
73,"J:0502","Pierre Pescatore","Pierre","Pescatore","Pescatore","Pescatore","Pescatore",5,"Luxembourg","LU",1919,2,"Male",0,1,0,0,0,"Former CJ judge",0,1,0,1967-10-09,1985-10-06,1967-10-09,1985-10-06,NA,NA,NA,NA,NA,NA
74,"J:0503","Fernand Schockweiler","Fernand","Schockweiler","Schockweiler","Schockweiler","Schockweiler",5,"Luxembourg","LU",1935,2,"Male",0,1,0,0,0,"Former CJ judge",0,1,0,1985-10-07,1996-06-01,1985-10-07,1996-06-01,NA,NA,NA,NA,NA,NA
75,"J:0504","Jean Mischo","Jean","Mischo","Mischo","Mischo","Mischo",5,"Luxembourg","LU",1938,2,"Male",0,0,0,0,1,"Former AG",0,1,1,1986-01-13,2003-10-06,NA,NA,NA,NA,NA,NA,1986-01-13,2003-10-06
76,"J:0505","Romain Schintgen","Romain","Schintgen","Schintgen","Schintgen","Schintgen",5,"Luxembourg","LU",1939,2,"Male",0,1,1,0,0,"Former CJ judge; Former GC judge",0,2,0,1989-09-25,2008-01-14,1996-07-12,2008-01-14,1989-09-25,1996-07-11,NA,NA,NA,NA
77,"J:0506","Marc Jaeger","Marc","Jaeger","Jaeger","Jaeger","Jaeger",5,"Luxembourg","LU",1954,2,"Male",0,0,1,0,0,"Current GC judge",1,1,0,1996-07-11,NA,NA,NA,1996-07-11,NA,NA,NA,NA,NA
78,"J:0507","Jean-Jacques Kasel","Jean-Jacques","Kasel","Kasel","Kasel","Kasel",5,"Luxembourg","LU",1946,2,"Male",0,1,0,0,0,"Former CJ judge",0,1,0,2008-01-15,2013-10-06,2008-01-15,2013-10-06,NA,NA,NA,NA,NA,NA
79,"J:0508","François Biltgen","François","Biltgen","Biltgen","Biltgen","Biltgen",5,"Luxembourg","LU",1958,2,"Male",0,1,0,0,0,"Current CJ judge",1,1,0,2013-10-06,NA,2013-10-06,NA,NA,NA,NA,NA,NA,NA
80,"J:0509","Dean Spielmann","Dean","Spielmann","Spielmann","Spielmann","Spielmann",5,"Luxembourg","LU",1962,2,"Male",0,0,1,0,0,"Current GC judge",1,1,0,2016-04-13,NA,NA,NA,2016-04-13,NA,NA,NA,NA,NA
81,"J:0601","Petrus Serrarens","Petrus","Serrarens","Serrarens","Serrarens","Serrarens",6,"Netherlands","NL",1888,2,"Male",0,1,0,0,0,"Former CJ judge",0,1,0,1952-12-04,1958-10-06,1952-12-04,1958-10-06,NA,NA,NA,NA,NA,NA
82,"J:0602","Adrianus van Kleffens","Adrianus","van Kleffens","van Kleffens","van Kleffens","van Kleffens",6,"Netherlands","NL",1899,2,"Male",0,1,0,0,0,"Former CJ judge",0,1,0,1952-12-04,1958-10-06,1952-12-04,1958-10-06,NA,NA,NA,NA,NA,NA
83,"J:0603","Andreas Matthias Donner","Andreas Matthias","Donner","Donner","Donner","Donner",6,"Netherlands","NL",1918,2,"Male",0,1,0,0,0,"Former CJ judge",0,1,0,1958-10-07,1979-04-01,1958-10-07,1979-04-01,NA,NA,NA,NA,NA,NA
84,"J:0604","Thymen Koopmans","Thymen","Koopmans","Koopmans","Koopmans","Koopmans",6,"Netherlands","NL",1929,2,"Male",0,1,0,0,0,"Former CJ judge",0,1,0,1979-04-01,1990-03-29,1979-04-01,1990-03-29,NA,NA,NA,NA,NA,NA
85,"J:0605","Pieter verLoren van Themaat","Pieter","verLoren van Themaat","verLoren van Themaat","verLoren van Themaat","verLoren van Themaat",6,"Netherlands","NL",1916,2,"Male",0,0,0,0,1,"Former AG",0,1,0,1981-06-04,1986-01-13,NA,NA,NA,NA,NA,NA,1981-06-04,1986-01-13
86,"J:0606","Cornelis Paulus Briët","Cornelis Paulus","Briët","Briet","Briët","Briet",6,"Netherlands","NL",1944,2,"Male",0,0,1,0,0,"Former GC judge",0,1,0,1989-09-01,1998-08-31,NA,NA,1989-09-01,1998-08-31,NA,NA,NA,NA
87,"J:0607","Paul Joan George Kapteyn","Paul Joan George","Kapteyn","Kapteyn","Kapteyn","Kapteyn",6,"Netherlands","NL",1928,2,"Male",0,1,0,0,0,"Former CJ judge",0,1,0,1990-03-29,2000-10-06,1990-03-29,2000-10-06,NA,NA,NA,NA,NA,NA
88,"J:0608","Arjen Meij","Arjen","Meij","Meij","Meij","Meij",6,"Netherlands","NL",1944,2,"Male",0,0,1,0,0,"Former GC judge",0,1,0,1992-09-01,2010-08-31,NA,NA,1992-09-01,2010-08-31,NA,NA,NA,NA
89,"J:0609","Leendert Adrie Geelhoed","Leendert Adrie","Geelhoed","Geelhoed","Geelhoed","Geelhoed",6,"Netherlands","NL",1942,2,"Male",0,0,0,0,1,"Former AG",0,1,0,2000-10-07,2006-10-06,NA,NA,NA,NA,NA,NA,2000-10-07,2006-10-06
90,"J:0610","Christiaan Willem Anton Timmermans","Christiaan Willem Anton","Timmermans","Timmermans","Timmermans","Timmermans",6,"Netherlands","NL",1941,2,"Male",0,1,0,0,0,"Former CJ judge",0,1,0,2000-10-07,2010-07-10,2000-10-07,2010-07-10,NA,NA,NA,NA,NA,NA
91,"J:0611","Alexandra Prechal","Alexandra","Prechal","Prechal","Prechal","Prechal",6,"Netherlands","NL",1959,1,"Female",1,1,0,0,0,"Current CJ judge",1,1,0,2010-07-10,NA,2010-07-10,NA,NA,NA,NA,NA,NA,NA
92,"J:0612","Marc van der Woude","Marc","van der Woude","van der Woude","van der Woude","van der Woude",6,"Netherlands","NL",1960,2,"Male",0,0,1,0,0,"Current GC judge",1,1,0,2010-09-01,NA,NA,NA,2010-09-01,NA,NA,NA,NA,NA
93,"J:0613","René Barents","René","Barents","Barents","Barents","Barents",6,"Netherlands","NL",1951,2,"Male",0,0,1,1,0,"Current GC judge; Former CST judge",1,2,0,2011-10-06,NA,NA,NA,2016-09-01,NA,2011-10-06,2016-08-31,NA,NA
94,"J:0701","Max Sørensen","Max","Sørensen","Sorensen","Sørensen","Sorensen",7,"Denmark","DK",1913,2,"Male",0,1,0,0,0,"Former CJ judge",0,1,0,1973-01-01,1979-10-06,1973-01-01,1979-10-06,NA,NA,NA,NA,NA,NA
95,"J:0702","Ole Due","Ole","Due","Due","Due","Due",7,"Denmark","DK",1931,2,"Male",0,1,0,0,0,"Former CJ judge",0,1,0,1979-10-07,1994-10-06,1979-10-07,1994-10-06,NA,NA,NA,NA,NA,NA
96,"J:0703","Bo Vesterdorf","Bo","Vesterdorf","Vesterdorf","Vesterdorf","Vesterdorf",7,"Denmark","DK",1945,2,"Male",0,0,1,0,0,"Former GC judge",0,1,0,1989-09-01,2007-09-17,NA,NA,1989-09-01,2007-09-17,NA,NA,NA,NA
97,"J:0704","Claus Christian Gulmann","Claus Christian","Gulmann","Gulmann","Gulmann","Gulmann",7,"Denmark","DK",1942,2,"Male",0,1,0,0,1,"Former CJ judge; Former AG",0,2,0,1991-10-07,2006-01-10,1994-10-07,2006-01-10,NA,NA,NA,NA,1991-10-07,1994-10-06
98,"J:0705","Michael Bendik Elmer","Michael Bendik","Elmer","Elmer","Elmer","Elmer",7,"Denmark","DK",1949,2,"Male",0,0,0,0,1,"Former AG",0,1,0,1994-10-07,1997-12-18,NA,NA,NA,NA,NA,NA,1994-10-07,1997-12-18
99,"J:0706","Lars Bay Larsen","Lars","Bay Larsen","Bay Larsen","Bay Larsen","Bay Larsen",7,"Denmark","DK",1953,2,"Male",0,1,0,0,0,"Current CJ judge",1,1,0,2006-01-11,NA,2006-01-11,NA,NA,NA,NA,NA,NA,NA
100,"J:0707","Sten Frimodt Nielsen","Sten","Frimodt Nielsen","Frimodt Nielsen","Frimodt Nielsen","Frimodt Nielsen",7,"Denmark","DK",1963,2,"Male",0,0,1,0,0,"Current GC judge",1,1,0,2007-09-17,NA,NA,NA,2007-09-17,NA,NA,NA,NA,NA
101,"J:0708","Jesper Svenningsen","Jesper","Svenningsen","Svenningsen","Svenningsen","Svenningsen",7,"Denmark","DK",1966,2,"Male",0,0,1,1,0,"Current GC judge; Former CST judge",1,2,0,2013-10-07,NA,NA,NA,2016-09-01,NA,2013-10-07,2016-08-31,NA,NA
102,"J:0709","Henrik Saugmandsgaard Øe","Henrik","Saugmandsgaard Øe","Saugmandsgaard Oe","Saugmandsgaard Øe","Saugmandsgaard Oe",7,"Denmark","DK",1964,2,"Male",0,0,0,0,1,"Former AG",0,1,0,2015-10-07,2021-10-07,NA,NA,NA,NA,NA,NA,2015-10-07,2021-10-07
103,"J:0801","Cearbhall O'Dalaigh","Cearbhall","O'Dalaigh","O'Dalaigh","O'Dalaigh","O'Dalaigh",8,"Ireland","IE",1911,2,"Male",0,1,0,0,0,"Former CJ judge",0,1,0,1973-01-01,1974-12-12,1973-01-01,1974-12-12,NA,NA,NA,NA,NA,NA
104,"J:0802","Andreas O'Keeffe","Andreas","O'Keeffe","O'Keeffe","O'Keeffe","O'Keeffe",8,"Ireland","IE",1912,2,"Male",0,1,0,0,0,"Former CJ judge",0,1,0,1975-12-12,1984-12-31,1975-12-12,1984-12-31,NA,NA,NA,NA,NA,NA
105,"J:0803","Thomas Francis O'Higgins","Thomas Francis","O'Higgins","O'Higgins","O'Higgins, T.","O'Higgins, T.",8,"Ireland","IE",1913,2,"Male",0,1,0,0,0,"Former CJ judge",0,1,0,1985-01-16,1991-10-06,1985-01-16,1991-10-06,NA,NA,NA,NA,NA,NA
106,"J:0804","Donal Patrick Michael Barrington","Donal Patrick Michael","Barrington","Barrington","Barrington","Barrington",8,"Ireland","IE",1928,2,"Male",0,0,1,0,0,"Former GC judge",0,1,0,1989-09-01,1996-01-10,NA,NA,1989-09-01,1996-01-10,NA,NA,NA,NA
107,"J:0805","John Murray","John","Murray","Murray","Murray","Murray",8,"Ireland","IE",1943,2,"Male",0,1,0,0,0,"Former CJ judge",0,1,0,1991-10-07,1999-10-09,1991-10-07,1999-10-09,NA,NA,NA,NA,NA,NA
108,"J:0806","Nial Fennelly","Nial","Fennelly","Fennelly","Fennelly","Fennelly",8,"Ireland","IE",1942,2,"Male",0,0,0,0,1,"Former AG",0,1,0,1995-01-19,2000-10-06,NA,NA,NA,NA,NA,NA,1995-01-19,2000-10-06
109,"J:0807","John Cooke","John","Cooke","Cooke","Cooke","Cooke",8,"Ireland","IE",1944,2,"Male",0,0,1,0,0,"Former GC judge",0,1,0,1996-01-10,2008-09-15,NA,NA,1996-01-10,2008-09-15,NA,NA,NA,NA
110,"J:0808","Fidelma O'Kelly Macken","Fidelma","O'Kelly Macken","O'Kelly Macken","O'Kelly Macken","O'Kelly Macken",8,"Ireland","IE",1942,1,"Female",1,1,0,0,0,"Former CJ judge",0,1,0,1999-10-06,2004-10-13,1999-10-06,2004-10-13,NA,NA,NA,NA,NA,NA
111,"J:0809","Aindrias Ó Caoimh","Aindrias","Ó Caoimh","O Caoimh","Ó Caoimh","O Caoimh",8,"Ireland","IE",1950,2,"Male",0,1,0,0,0,"Former CJ judge",0,1,0,2004-10-13,2015-10-06,2004-10-13,2015-10-06,NA,NA,NA,NA,NA,NA
112,"J:0810","Kevin O'Higgins","Kevin","O'Higgins","O'Higgins","O'Higgins, K.","O'Higgins, K.",8,"Ireland","IE",1946,2,"Male",0,0,1,0,0,"Former GC judge",0,1,0,2008-09-15,2013-08-31,NA,NA,2008-09-15,2013-08-31,NA,NA,NA,NA
113,"J:0811","Kieran Bradley","Kieran","Bradley","Bradley","Bradley","Bradley",8,"Ireland","IE",1957,2,"Male",0,0,0,1,0,"Former CST judge",0,1,0,2011-10-06,2016-08-31,NA,NA,NA,NA,2011-10-06,2016-08-31,NA,NA
114,"J:0812","Anthony Michael Collins","Anthony Michael","Collins","Collins","Collins","Collins",8,"Ireland","IE",1960,2,"Male",0,0,1,0,1,"Current AG; Former GC judge",1,2,0,2013-09-16,NA,NA,NA,2013-09-16,2021-10-07,NA,NA,2021-10-07,NA
115,"J:0813","Eugene Regan","Eugene","Regan","Regan","Regan","Regan",8,"Ireland","IE",1952,2,"Male",0,1,0,0,0,"Current CJ judge",1,1,0,2015-10-07,NA,2015-10-07,NA,NA,NA,NA,NA,NA,NA
116,"J:0814","Colm Mac Eochaidh","Colm","Mac Eochaidh","Mac Eochaidh","Mac Eochaidh","Mac Eochaidh",8,"Ireland","IE",1963,2,"Male",0,0,1,0,0,"Current GC judge",1,1,0,2017-06-08,NA,NA,NA,2017-06-08,NA,NA,NA,NA,NA
117,"J:0815","Gerard Hogan","Gerard","Hogan","Hogan","Hogan","Hogan",8,"Ireland","IE",1958,2,"Male",0,0,0,0,1,"Former AG",0,1,0,2018-10-08,2021-10-07,NA,NA,NA,NA,NA,NA,2018-10-08,2021-10-07
118,"J:0901","Alexander Mackenzie Stuart","Alexander","Mackenzie Stuart","Mackenzie Stuart","Mackenzie Stuart","Mackenzie Stuart",9,"United Kingdom","UK",1924,2,"Male",0,1,0,0,0,"Former CJ judge",0,1,0,1973-01-01,1988-10-06,1973-01-01,1988-10-06,NA,NA,NA,NA,NA,NA
119,"J:0902","Jean-Pierre Warner","Jean-Pierre","Warner","Warner","Warner","Warner",9,"United Kingdom","UK",1924,2,"Male",0,0,0,0,1,"Former AG",0,1,0,1973-01-09,1981-02-26,NA,NA,NA,NA,NA,NA,1973-01-09,1981-02-26
120,"J:0903","Gordon Slynn","Gordon","Slynn","Slynn","Slynn","Slynn",9,"United Kingdom","UK",1930,2,"Male",0,1,0,0,1,"Former CJ judge; Former AG",0,2,0,1981-02-26,1992-03-10,1988-10-07,1992-03-10,NA,NA,NA,NA,1981-02-26,1988-10-06
121,"J:0904","Francis Geoffrey Jacobs","Francis Geoffrey","Jacobs","Jacobs","Jacobs","Jacobs",9,"United Kingdom","UK",1939,2,"Male",0,0,0,0,1,"Former AG",0,1,0,1988-10-07,2006-01-10,NA,NA,NA,NA,NA,NA,1988-10-07,2006-01-10
122,"J:0905","David Alexander Ogilvy Edward","David Alexander Ogilvy","Edward","Edward","Edward","Edward",9,"United Kingdom","UK",1934,2,"Male",0,1,1,0,0,"Former CJ judge; Former GC judge",0,2,0,1989-09-25,2004-01-07,1992-03-10,2004-01-07,1989-09-25,1992-03-09,NA,NA,NA,NA
123,"J:0906","Christopher William Bellamy","Christopher William","Bellamy","Bellamy","Bellamy","Bellamy",9,"United Kingdom","UK",1946,2,"Male",0,0,1,0,0,"Former GC judge",0,1,0,1992-03-10,1999-12-15,NA,NA,1992-03-10,1999-12-15,NA,NA,NA,NA
124,"J:0907","Nicholas James Forwood","Nicholas James","Forwood","Forwood","Forwood","Forwood",9,"United Kingdom","UK",1948,2,"Male",0,0,1,0,0,"Former GC judge",0,1,0,1999-12-02,2015-10-01,NA,NA,1999-12-02,2015-10-01,NA,NA,NA,NA
125,"J:0908","Konrad Hermann Theodor Schiemann","Konrad Hermann Theodor","Schiemann","Schiemann","Schiemann","Schiemann",9,"United Kingdom","UK",1937,2,"Male",0,1,0,0,0,"Former CJ judge",0,1,0,2004-01-01,2012-10-06,2004-01-01,2012-10-06,NA,NA,NA,NA,NA,NA
126,"J:0909","Paul John Mahoney","Paul John","Mahoney","Mahoney","Mahoney","Mahoney",9,"United Kingdom","UK",1946,2,"Male",0,0,0,1,0,"Former CST judge",0,1,0,2005-10-06,2011-10-06,NA,NA,NA,NA,2005-10-06,2011-10-06,NA,NA
127,"J:0910","Eleanor Sharpston","Eleanor","Sharpston","Sharpston","Sharpston","Sharpston",9,"United Kingdom","UK",1955,1,"Female",1,0,0,0,1,"Former AG",0,1,0,2006-01-11,2020-09-10,NA,NA,NA,NA,NA,NA,2006-01-11,2020-09-10
128,"J:0911","Christopher Vajda","Christopher","Vajda","Vajda","Vajda","Vajda",9,"United Kingdom","UK",1955,2,"Male",0,1,0,0,0,"Former CJ judge",0,1,0,2012-10-07,2020-01-31,2012-10-07,2020-01-31,NA,NA,NA,NA,NA,NA
129,"J:0912","Ian Stewart Forrester","Ian Stewart","Forrester","Forrester","Forrester","Forrester",9,"United Kingdom","UK",1945,2,"Male",0,0,1,0,0,"Former GC judge",0,1,0,2015-10-01,2020-01-31,NA,NA,2015-10-01,2020-01-31,NA,NA,NA,NA
130,"J:1001","Alexandros Chloros","Alexandros","Chloros","Chloros","Chloros","Chloros",10,"Greece","EL",1926,2,"Male",0,1,0,0,0,"Former CJ judge",0,1,0,1981-01-01,1982-11-16,1981-01-01,1982-11-16,NA,NA,NA,NA,NA,NA
131,"J:1002","Constantinos Kakouris","Constantinos","Kakouris","Kakouris","Kakouris","Kakouris",10,"Greece","EL",1919,2,"Male",0,1,0,0,0,"Former CJ judge",0,1,0,1983-02-16,1997-10-06,1983-02-16,1997-10-06,NA,NA,NA,NA,NA,NA
132,"J:1003","Christos Yeraris","Christos","Yeraris","Yeraris","Yeraris","Yeraris",10,"Greece","EL",1938,2,"Male",0,0,1,0,0,"Former GC judge",0,1,0,1989-09-01,1992-08-31,NA,NA,1989-09-01,1992-08-31,NA,NA,NA,NA
133,"J:1004","Andreas Kalogeropoulos","Andreas","Kalogeropoulos","Kalogeropoulos","Kalogeropoulos","Kalogeropoulos",10,"Greece","EL",1944,2,"Male",0,0,1,0,0,"Former GC judge",0,1,0,1992-09-18,1998-08-31,NA,NA,1992-09-18,1998-08-31,NA,NA,NA,NA
134,"J:1005","Georges Cosmas","Georges","Cosmas","Cosmas","Cosmas","Cosmas",10,"Greece","EL",1932,2,"Male",0,0,0,0,1,"Former AG",0,1,0,1994-10-07,2000-10-06,NA,NA,NA,NA,NA,NA,1994-10-07,2000-10-06
135,"J:1006","Krateros Ioannou","Krateros","Ioannou","Ioannou","Ioannou","Ioannou",10,"Greece","EL",1935,2,"Male",0,1,0,0,0,"Former CJ judge",0,1,0,1997-10-07,1999-03-10,1997-10-07,1999-03-10,NA,NA,NA,NA,NA,NA
136,"J:1007","Michail Vilaras","Michail","Vilaras","Vilaras","Vilaras","Vilaras",10,"Greece","EL",1950,2,"Male",0,1,1,0,0,"Former CJ judge; Former GC judge",0,2,1,1998-09-01,2021-10-07,2015-10-07,2021-10-07,1998-09-01,2010-09-01,NA,NA,NA,NA
137,"J:1008","Vassilios Skouris","Vassilios","Skouris","Skouris","Skouris","Skouris",10,"Greece","EL",1948,2,"Male",0,1,0,0,0,"Former CJ judge",0,1,0,1999-05-26,2015-10-06,1999-05-26,2015-10-06,NA,NA,NA,NA,NA,NA
138,"J:1009","Haris Tagaras","Haris","Tagaras","Tagaras","Tagaras","Tagaras",10,"Greece","EL",1955,2,"Male",0,0,0,1,0,"Former CST judge",0,1,0,2005-10-06,2011-10-06,NA,NA,NA,NA,2005-10-06,2011-10-06,NA,NA
139,"J:1010","Dimitrios Gratsias","Dimitrios","Gratsias","Gratsias","Gratsias","Gratsias",10,"Greece","EL",1957,2,"Male",0,1,1,0,0,"Current CJ judge; Former GC judge",1,2,0,2010-10-25,NA,2021-10-07,NA,2010-10-25,2021-10-07,NA,NA,NA,NA
140,"J:1011","Constantinos Iliopoulos","Constantinos","Iliopoulos","Iliopoulos","Iliopoulos","Iliopoulos",10,"Greece","EL",1948,2,"Male",0,0,1,0,0,"Current GC judge",1,1,0,2016-04-13,NA,NA,NA,2016-04-13,NA,NA,NA,NA,NA
141,"J:1012","Athanasios Rantos","Athanasios","Rantos","Rantos","Rantos","Rantos",10,"Greece","EL",1953,2,"Male",0,0,0,0,1,"Current AG",1,1,0,2020-09-10,NA,NA,NA,NA,NA,NA,NA,2020-09-10,NA
142,"J:1101","José Luis da Cruz Vilaça","José Luis","da Cruz Vilaça","da Cruz Vilaca","da Cruz Vilaça","da Cruz Vilaca",11,"Portugal","PT",1944,2,"Male",0,1,1,0,1,"Former CJ judge; Former GC judge; Former AG",0,3,1,1986-01-01,2018-10-08,2012-10-08,2018-10-08,1989-09-01,1995-08-31,NA,NA,1986-01-01,1988-10-06
143,"J:1102","José Carlos de Carvalho Moitinho de Almeida","José Carlos","de Carvalho Moitinho de Almeida","de Carvalho Moitinho de Almeida","de Carvalho Moitinho de Almeida","de Carvalho Moitinho de Almeida",11,"Portugal","PT",1936,2,"Male",0,1,0,0,0,"Former CJ judge",0,1,0,1986-01-01,2000-10-06,1986-01-01,2000-10-06,NA,NA,NA,NA,NA,NA
144,"J:1103","Rui Manuel Gens de Moura Ramos","Rui Manuel","Gens de Moura Ramos","Gens de Moura Ramos","Gens de Moura Ramos","Gens de Moura Ramos",11,"Portugal","PT",1950,2,"Male",0,0,1,0,0,"Former GC judge",0,1,0,1995-09-18,2003-03-31,NA,NA,1995-09-18,2003-03-31,NA,NA,NA,NA
145,"J:1104","José Narciso da Cunha Rodrigues","José Narciso","da Cunha Rodrigues","da Cunha Rodrigues","da Cunha Rodrigues","da Cunha Rodrigues",11,"Portugal","PT",1940,2,"Male",0,1,0,0,0,"Former CJ judge",0,1,0,2000-10-07,2012-10-06,2000-10-07,2012-10-06,NA,NA,NA,NA,NA,NA
146,"J:1105","Maria Eugénia Martins de Nazaré Ribeiro","Maria Eugénia","Martins de Nazaré Ribeiro","Martins de Nazare Ribeiro","Martins de Nazaré Ribeiro","Martins de Nazare Ribeiro",11,"Portugal","PT",1956,1,"Female",1,0,1,0,0,"Former GC judge",0,1,0,2003-04-01,2016-08-31,NA,NA,2003-04-01,2016-08-31,NA,NA,NA,NA
147,"J:1106","Luís Miguel Poiares Pessoa Maduro","Luís Miguel","Poiares Pessoa Maduro","Poiares Pessoa Maduro","Poiares Pessoa Maduro","Poiares Pessoa Maduro",11,"Portugal","PT",1967,2,"Male",0,0,0,0,1,"Former AG",0,1,0,2003-10-07,2009-10-06,NA,NA,NA,NA,NA,NA,2003-10-07,2009-10-06
148,"J:1107","João Sant'Anna","João","Sant'Anna","Sant'Anna","Sant'Anna","Sant'Anna",11,"Portugal","PT",1957,2,"Male",0,0,0,1,0,"Former CST judge",0,1,0,2016-04-13,2016-08-31,NA,NA,NA,NA,2016-04-13,2016-08-31,NA,NA
149,"J:1108","Maria José Costeira","Maria José","Costeira","Costeira","Costeira","Costeira",11,"Portugal","PT",1967,1,"Female",1,0,1,0,0,"Current GC judge",1,1,0,2016-09-19,NA,NA,NA,2016-09-19,NA,NA,NA,NA,NA
150,"J:1109","Ricardo da Silva Passos","Ricardo","da Silva Passos","da Silva Passos","da Silva Passos","da Silva Passos",11,"Portugal","PT",1953,2,"Male",0,0,1,0,0,"Current GC judge",1,1,0,2016-09-19,NA,NA,NA,2016-09-19,NA,NA,NA,NA,NA
151,"J:1110","Nuno José Cardoso da Silva Piçarra","Nuno José","Cardoso da Silva Piçarra","Cardoso da Silva Picarra","Cardoso da Silva Piçarra","Cardoso da Silva Picarra",11,"Portugal","PT",1957,2,"Male",0,1,0,0,0,"Current CJ judge",1,1,0,2018-10-07,NA,2018-10-07,NA,NA,NA,NA,NA,NA,NA
152,"J:1201","Gil Carlos Rodrìguez Iglesias","Gil Carlos","Rodrìguez Iglesias","Rodriguez Iglesias","Rodrìguez Iglesias","Rodriguez Iglesias",12,"Spain","ES",1946,2,"Male",0,1,0,0,0,"Former CJ judge",0,1,0,1986-01-01,2003-10-06,1986-01-01,2003-10-06,NA,NA,NA,NA,NA,NA
153,"J:1202","Manuel Diez de Velasco","Manuel","Diez de Velasco","Diez de Velasco","Diez de Velasco","Diez de Velasco",12,"Spain","ES",1926,2,"Male",0,1,0,0,0,"Former CJ judge",0,1,0,1988-10-07,1994-10-06,1988-10-07,1994-10-06,NA,NA,NA,NA,NA,NA
154,"J:1203","Rafael García-Valdecasas y Fernández","Rafael","García-Valdecasas y Fernández","Garcia-Valdecasas y Fernandez","García-Valdecasas y Fernández","Garcia-Valdecasas y Fernandez",12,"Spain","ES",1946,2,"Male",0,0,1,0,0,"Former GC judge",0,1,0,1989-09-01,2007-08-31,NA,NA,1989-09-01,2007-08-31,NA,NA,NA,NA
155,"J:1204","Dámaso Ruiz-Jarabo Colomer","Dámaso","Ruiz-Jarabo Colomer","Ruiz-Jarabo Colomer","Ruiz-Jarabo Colomer","Ruiz-Jarabo Colomer",12,"Spain","ES",1949,2,"Male",0,0,0,0,1,"Former AG",0,1,0,1995-01-19,2009-11-12,NA,NA,NA,NA,NA,NA,1995-01-19,2009-11-12
156,"J:1205","Rosario Silva de Lapuerta","Rosario","Silva de Lapuerta","Silva de Lapuerta","Silva de Lapuerta","Silva de Lapuerta",12,"Spain","ES",1954,1,"Female",1,1,0,0,0,"Former CJ judge",0,1,0,2003-10-07,2021-10-07,2003-10-07,2021-10-07,NA,NA,NA,NA,NA,NA
157,"J:1206","Santiago Soldevila Fragoso","Santiago","Soldevila Fragoso","Soldevila Fragoso","Soldevila Fragoso","Soldevila Fragoso",12,"Spain","ES",1960,2,"Male",0,0,1,0,0,"Former GC judge",0,1,0,2007-09-01,2013-08-31,NA,NA,2007-09-01,2013-08-31,NA,NA,NA,NA
158,"J:1207","Maria Isabel Rofes i Pujol","Maria Isabel","Rofes i Pujol","Rofes i Pujol","Rofes i Pujol","Rofes i Pujol",12,"Spain","ES",1956,1,"Female",1,0,0,1,0,"Former CST judge",0,1,0,2009-10-07,2016-04-13,NA,NA,NA,NA,2009-10-07,2016-04-13,NA,NA
159,"J:1208","Pedro Cruz Villalón","Pedro","Cruz Villalón","Cruz Villalon","Cruz Villalón","Cruz Villalon",12,"Spain","ES",1946,2,"Male",0,0,0,0,1,"Former AG",0,1,0,2009-12-14,2015-10-07,NA,NA,NA,NA,NA,NA,2009-12-14,2015-10-07
160,"J:1209","Ignacio Ulloa Rubio","Ignacio","Ulloa Rubio","Ulloa Rubio","Ulloa Rubio","Ulloa Rubio",12,"Spain","ES",1967,2,"Male",0,0,1,0,0,"Former GC judge",0,1,0,2013-09-01,2019-09-26,NA,NA,2013-09-01,2019-09-26,NA,NA,NA,NA
161,"J:1210","Manuel Campos Sánchez-Bordona","Manuel","Campos Sánchez-Bordona","Campos Sanchez-Bordona","Campos Sánchez-Bordona","Campos Sanchez-Bordona",12,"Spain","ES",1950,2,"Male",0,0,0,0,1,"Current AG",1,1,0,2015-10-07,NA,NA,NA,NA,NA,NA,NA,2015-10-07,NA
162,"J:1211","Leopoldo Calvo-Sotelo Ibáñez-Martín","Leopoldo","Calvo-Sotelo Ibáñez-Martín","Calvo-Sotelo Ibanez-Martin","Calvo-Sotelo Ibáñez-Martín","Calvo-Sotelo Ibanez-Martin",12,"Spain","ES",1957,2,"Male",0,0,1,0,0,"Former GC judge",0,1,0,2016-04-13,2019-09-26,NA,NA,2016-04-13,2019-09-26,NA,NA,NA,NA
163,"J:1212","José Martín y Pérez de Nanclares","José","Martín y Pérez de Nanclares","Martin y Perez de Nanclares","Martín y Pérez de Nanclares","Martin y Perez de Nanclares",12,"Spain","ES",1965,2,"Male",0,0,1,0,0,"Current GC judge",1,1,0,2019-09-26,NA,NA,NA,2019-09-26,NA,NA,NA,NA,NA
164,"J:1213","Miguel Sampol Pucurull","Miguel","Sampol Pucurull","Sampol Pucurull","Sampol Pucurull","Sampol Pucurull",12,"Spain","ES",1974,2,"Male",0,0,1,0,0,"Current GC judge",1,1,0,2019-09-26,NA,NA,NA,2019-09-26,NA,NA,NA,NA,NA
165,"J:1214","Maria Lourdes Arastey Sahún","Maria","Lourdes Arastey Sahún","Lourdes Arastey Sahun","Lourdes Arastey Sahún","Lourdes Arastey Sahun",12,"Spain","ES",1959,1,"Female",1,1,0,0,0,"Current CJ judge",1,1,0,2021-10-07,NA,2021-10-07,NA,NA,NA,NA,NA,NA,NA
166,"J:1301","Josef Azizi","Josef","Azizi","Azizi","Azizi","Azizi",13,"Austria","AT",1948,2,"Male",0,0,1,0,0,"Former GC judge",0,1,0,1995-01-01,2013-09-01,NA,NA,1995-01-01,2013-09-01,NA,NA,NA,NA
167,"J:1302","Peter Jann","Peter","Jann","Jann","Jann","Jann",13,"Austria","AT",1935,2,"Male",0,1,0,0,0,"Former CJ judge",0,1,0,1995-01-01,2009-10-06,1995-01-01,2009-10-06,NA,NA,NA,NA,NA,NA
168,"J:1303","Christine Stix-Hackl","Christine","Stix-Hackl","Stix-Hackl","Stix-Hackl","Stix-Hackl",13,"Austria","AT",1957,1,"Female",1,0,0,0,1,"Former AG",0,1,0,2000-10-07,2006-10-06,NA,NA,NA,NA,NA,NA,2000-10-07,2006-10-06
169,"J:1304","Maria Berger","Maria","Berger","Berger","Berger","Berger",13,"Austria","AT",1956,1,"Female",1,1,0,0,0,"Former CJ judge",0,1,0,2009-10-07,2019-03-20,2009-10-07,2019-03-20,NA,NA,NA,NA,NA,NA
170,"J:1305","Viktor Kreuschitz","Viktor","Kreuschitz","Kreuschitz","Kreuschitz","Kreuschitz",13,"Austria","AT",1952,2,"Male",0,0,1,0,0,"Current GC judge",1,1,0,2013-09-01,NA,NA,NA,2013-09-01,NA,NA,NA,NA,NA
171,"J:1306","Andreas Kumin","Andreas","Kumin","Kumin","Kumin","Kumin",13,"Austria","AT",1965,2,"Male",0,1,0,0,0,"Current CJ judge",1,1,0,2019-03-20,NA,2019-03-20,NA,NA,NA,NA,NA,NA,NA
172,"J:1307","Gerhard Hesse","Gerhard","Hesse","Hesse","Hesse","Hesse",13,"Austria","AT",1970,2,"Male",0,0,1,0,0,"Current GC judge",1,1,0,2019-09-26,NA,NA,NA,2019-09-26,NA,NA,NA,NA,NA
173,"J:1401","Leif Sevón","Leif","Sevón","Sevon","Sevón","Sevon",14,"Finland","FI",1941,2,"Male",0,1,0,0,0,"Former CJ judge",0,1,0,1995-01-01,2002-01-16,1995-01-01,2002-01-16,NA,NA,NA,NA,NA,NA
174,"J:1402","Virpi Tiili","Virpi","Tiili","Tiili","Tiili","Tiili",14,"Finland","FI",1942,1,"Female",1,0,1,0,0,"Former GC judge",0,1,0,1995-01-01,2009-09-01,NA,NA,1995-01-01,2009-09-01,NA,NA,NA,NA
175,"J:1403","Allan Rosas","Allan","Rosas","Rosas","Rosas","Rosas",14,"Finland","FI",1948,2,"Male",0,1,0,0,0,"Former CJ judge",0,1,0,2002-01-17,2019-10-07,2002-01-17,2019-10-07,NA,NA,NA,NA,NA,NA
176,"J:1404","Heikki Kanninen","Heikki","Kanninen","Kanninen","Kanninen","Kanninen",14,"Finland","FI",1952,2,"Male",0,0,1,1,0,"Current GC judge; Former CST judge",1,2,0,2005-10-06,NA,NA,NA,2009-09-01,NA,2005-10-06,2009-10-06,NA,NA
177,"J:1405","Niilo Jääskinen","Niilo","Jääskinen","Jaaskinen","Jääskinen","Jaaskinen",14,"Finland","FI",1958,2,"Male",0,1,0,0,1,"Current CJ judge; Former AG",1,2,1,2009-10-07,NA,2019-10-07,NA,NA,NA,NA,NA,2009-10-07,2015-10-07
178,"J:1406","Tuula Riitta Pynnä","Tuula Riitta","Pynnä","Pynna","Pynnä","Pynna",14,"Finland","FI",1958,1,"Female",1,0,1,0,0,"Current GC judge",1,1,0,2019-09-26,NA,NA,NA,2019-09-26,NA,NA,NA,NA,NA
179,"J:1501","Hans Ragnemalm","Hans","Ragnemalm","Ragnemalm","Ragnemalm","Ragnemalm",15,"Sweden","SE",1940,2,"Male",0,1,0,0,0,"Former CJ judge",0,1,0,1995-01-01,2000-10-06,1995-01-01,2000-10-06,NA,NA,NA,NA,NA,NA
180,"J:1502","Pernilla Lindh","Pernilla","Lindh","Lindh","Lindh","Lindh",15,"Sweden","SE",1945,1,"Female",1,1,1,0,0,"Former CJ judge; Former GC judge",0,2,0,1995-01-18,2011-10-06,2006-10-07,2011-10-06,1995-01-18,2006-10-06,NA,NA,NA,NA
181,"J:1503","Stig von Bahr","Stig","von Bahr","von Bahr","von Bahr","von Bahr",15,"Sweden","SE",1939,2,"Male",0,1,0,0,0,"Former CJ judge",0,1,0,2000-10-08,2006-10-06,2000-10-08,2006-10-06,NA,NA,NA,NA,NA,NA
182,"J:1504","Nils Wahl","Nils","Wahl","Wahl","Wahl","Wahl",15,"Sweden","SE",1961,2,"Male",0,1,1,0,1,"Current CJ judge; Former GC judge; Former AG",1,3,1,2006-10-06,NA,2019-10-07,NA,2006-10-06,2012-11-28,NA,NA,2012-11-28,2019-02-06
183,"J:1505","Carl Gustav Fernlund","Carl Gustav","Fernlund","Fernlund","Fernlund","Fernlund",15,"Sweden","SE",1950,2,"Male",0,1,0,0,0,"Former CJ judge",0,1,0,2011-10-06,2019-10-07,2011-10-06,2019-10-07,NA,NA,NA,NA,NA,NA
184,"J:1506","Carl Wetter","Carl","Wetter","Wetter","Wetter","Wetter",15,"Sweden","SE",1949,2,"Male",0,0,1,0,0,"Former GC judge",0,1,0,2013-03-18,2016-09-19,NA,NA,2013-03-18,2016-09-19,NA,NA,NA,NA
185,"J:1507","Fredrik Schalin","Fredrik","Schalin","Schalin","Schalin","Schalin",15,"Sweden","SE",1964,2,"Male",0,0,1,0,0,"Current GC judge",1,1,0,2016-06-08,NA,NA,NA,2016-06-08,NA,NA,NA,NA,NA
186,"J:1508","Ulf Christophe Öberg","Ulf Christophe","Öberg","Oberg","Öberg","Oberg",15,"Sweden","SE",1966,2,"Male",0,0,1,0,0,"Current GC judge",1,1,0,2016-09-19,NA,NA,NA,2016-09-19,NA,NA,NA,NA,NA
187,"J:1601","George Arestis","George","Arestis","Arestis","Arestis","Arestis",16,"Cyprus","CY",1945,2,"Male",0,1,0,0,0,"Former CJ judge",0,1,0,2004-05-01,2014-10-06,2004-05-01,2014-10-06,NA,NA,NA,NA,NA,NA
188,"J:1602","Savvas Papasavvas","Savvas","Papasavvas","Papasavvas","Papasavvas","Papasavvas",16,"Cyprus","CY",1969,2,"Male",0,0,1,0,0,"Current GC judge",1,1,0,2004-05-01,NA,NA,NA,2004-05-01,NA,NA,NA,NA,NA
189,"J:1603","Constantinos Lycourgos","Constantinos","Lycourgos","Lycourgos","Lycourgos","Lycourgos",16,"Cyprus","CY",1964,2,"Male",0,1,0,0,0,"Current CJ judge",1,1,0,2014-10-07,NA,2014-10-07,NA,NA,NA,NA,NA,NA,NA
190,"J:1604","Anna Marcoulli","Anna","Marcoulli","Marcoulli","Marcoulli","Marcoulli",16,"Cyprus","CY",1978,1,"Female",1,0,1,0,0,"Current GC judge",1,1,0,2016-04-13,NA,NA,NA,2016-04-13,NA,NA,NA,NA,NA
191,"J:1605","Nicholas Emiliou","Nicholas","Emiliou","Emiliou","Emiliou","Emiliou",16,"Cyprus","CY",1963,2,"Male",0,0,0,0,1,"Current AG",1,1,0,2021-10-07,NA,NA,NA,NA,NA,NA,NA,2021-10-07,NA
192,"J:1701","Jiří Malenovský","Jiří","Malenovský","Malenovsky","Malenovský","Malenovsky",17,"Czech Republic","CZ",1950,2,"Male",0,1,0,0,0,"Former CJ judge",0,1,0,2004-05-01,2020-10-06,2004-05-01,2020-10-06,NA,NA,NA,NA,NA,NA
193,"J:1702","Irena Pelikánová","Irena","Pelikánová","Pelikanova","Pelikánová","Pelikanova",17,"Czech Republic","CZ",1949,1,"Female",1,0,1,0,0,"Former GC judge",0,1,0,2004-05-01,2019-09-26,NA,NA,2004-05-01,2019-09-26,NA,NA,NA,NA
194,"J:1703","Michal Bobek","Michal","Bobek","Bobek","Bobek","Bobek",17,"Czech Republic","CZ",1977,2,"Male",0,0,0,0,1,"Former AG",0,1,0,2015-10-07,2021-10-07,NA,NA,NA,NA,NA,NA,2015-10-07,2021-10-07
195,"J:1704","Jan Passer","Jan","Passer","Passer","Passer","Passer",17,"Czech Republic","CZ",1974,2,"Male",0,1,1,0,0,"Current CJ judge; Former GC judge",1,2,0,2016-09-19,NA,2020-10-06,NA,2016-09-19,2020-10-06,NA,NA,NA,NA
196,"J:1705","Petra Škvařilová-Pelzl","Petra","Škvařilová-Pelzl","Skvarilova-Pelzl","Škvařilová-Pelzl","Skvarilova-Pelzl",17,"Czech Republic","CZ",1975,1,"Female",1,0,1,0,0,"Current GC judge",1,1,0,2019-09-26,NA,NA,NA,2019-09-26,NA,NA,NA,NA,NA
197,"J:1706","David Petrlík","David","Petrlík","Petrlik","Petrlík","Petrlik",17,"Czech Republic","CZ",1978,2,"Male",0,0,1,0,0,"Current GC judge",1,1,0,2021-03-01,NA,NA,NA,2021-03-01,NA,NA,NA,NA,NA
198,"J:1801","Uno Lõhmus","Uno","Lõhmus","Lohmus","Lõhmus","Lohmus",18,"Estonia","EE",1952,2,"Male",0,1,0,0,0,"Former CJ judge",0,1,0,2004-05-01,2013-10-06,2004-05-01,2013-10-06,NA,NA,NA,NA,NA,NA
199,"J:1802","Küllike Jürimäe","Küllike","Jürimäe","Jurimae","Jürimäe","Jurimae",18,"Estonia","EE",1962,1,"Female",1,1,1,0,0,"Current CJ judge; Former GC judge",1,2,0,2004-05-12,NA,2013-10-23,NA,2004-05-12,2013-10-23,NA,NA,NA,NA
200,"J:1803","Lauri Madise","Lauri","Madise","Madise","Madise","Madise",18,"Estonia","EE",1974,2,"Male",0,0,1,0,0,"Current GC judge",1,1,0,2013-10-06,NA,NA,NA,2013-10-06,NA,NA,NA,NA,NA
201,"J:1804","Priit Pikamäe","Priit","Pikamäe","Pikamae","Pikamäe","Pikamae",18,"Estonia","EE",1973,2,"Male",0,0,0,0,1,"Current AG",1,1,0,2019-02-06,NA,NA,NA,NA,NA,NA,NA,2019-02-06,NA
202,"J:1805","Iko Nõmm","Iko","Nõmm","Nomm","Nõmm","Nomm",18,"Estonia","EE",1977,2,"Male",0,0,1,0,0,"Current GC judge",1,1,0,2019-09-26,NA,NA,NA,2019-09-26,NA,NA,NA,NA,NA
203,"J:1901","Ottó Czúcz","Ottó","Czúcz","Czucz","Czúcz","Czucz",19,"Hungary","HU",1946,2,"Male",0,0,1,0,0,"Former GC judge",0,1,0,2004-05-01,2016-08-31,NA,NA,2004-05-01,2016-08-31,NA,NA,NA,NA
204,"J:1902","Endre Juhász","Endre","Juhász","Juhasz","Juhász","Juhasz",19,"Hungary","HU",1944,2,"Male",0,1,0,0,0,"Former CJ judge",0,1,0,2004-05-11,2021-10-07,2004-05-11,2021-10-07,NA,NA,NA,NA,NA,NA
205,"J:1903","Zoltán Csehi","Zoltán","Csehi","Csehi","Csehi","Csehi",19,"Hungary","HU",1965,2,"Male",0,1,1,0,0,"Current CJ judge; Former GC judge",1,2,0,2016-04-13,NA,2021-10-07,NA,2016-04-13,2021-10-07,NA,NA,NA,NA
206,"J:1904","Barna Berke","Barna","Berke","Berke","Berke","Berke",19,"Hungary","HU",1966,2,"Male",0,0,1,0,0,"Former GC judge",0,1,0,2016-09-19,2021-08-01,NA,NA,2016-09-19,2021-08-01,NA,NA,NA,NA
207,"J:2001","Ingrida Labucka","Ingrida","Labucka","Labucka","Labucka","Labucka",20,"Latvia","LV",1963,1,"Female",1,0,1,0,0,"Former GC judge",0,1,0,2004-05-01,2020-02-25,NA,NA,2004-05-01,2020-02-25,NA,NA,NA,NA
208,"J:2002","Egils Levits","Egils","Levits","Levits","Levits","Levits",20,"Latvia","LV",1955,2,"Male",0,1,0,0,0,"Former CJ judge",0,1,0,2004-05-01,2019-06-17,2004-05-01,2019-06-17,NA,NA,NA,NA,NA,NA
209,"J:2003","Inga Reine","Inga","Reine","Reine","Reine","Reine",20,"Latvia","LV",1975,1,"Female",1,0,1,0,0,"Current GC judge",1,1,0,2016-06-08,NA,NA,NA,2016-06-08,NA,NA,NA,NA,NA
210,"J:2004","Pēteris Zilgalvis","Pēteris","Zilgalvis","Zilgalvis","Zilgalvis","Zilgalvis",20,"Latvia","LV",1964,2,"Male",0,0,1,0,0,"Current GC judge",1,1,0,2021-09-27,NA,NA,NA,2021-09-27,NA,NA,NA,NA,NA
211,"J:2005","Laila Medina","Laila","Medina","Medina","Medina","Medina",20,"Latvia","LV",1971,1,"Female",1,0,0,0,1,"Current AG",1,1,0,2021-10-07,NA,NA,NA,NA,NA,NA,NA,2021-10-07,NA
212,"J:2006","Ineta Ziemele","Ineta","Ziemele","Ziemele","Ziemele","Ziemele",20,"Latvia","LV",1970,1,"Female",1,1,0,0,0,"Current CJ judge",1,1,0,2021-10-07,NA,2021-10-07,NA,NA,NA,NA,NA,NA,NA
213,"J:2101","Pranas Kūris","Pranas","Kūris","Kuris","Kūris","Kuris",21,"Lithuania","LT",1938,2,"Male",0,1,0,0,0,"Former CJ judge",0,1,0,2004-05-01,2012-10-06,2004-05-01,2012-10-06,NA,NA,NA,NA,NA,NA
214,"J:2102","Vilenas Vadapalas","Vilenas","Vadapalas","Vadapalas","Vadapalas","Vadapalas",21,"Lithuania","LT",1954,2,"Male",0,0,1,0,0,"Former GC judge",0,1,0,2004-05-01,2013-08-31,NA,NA,2004-05-01,2013-08-31,NA,NA,NA,NA
215,"J:2103","Egidijus Jarašiūnas","Egidijus","Jarašiūnas","Jarasiunas","Jarašiūnas","Jarasiunas",21,"Lithuania","LT",1952,2,"Male",0,1,0,0,0,"Former CJ judge",0,1,0,2010-10-06,2018-10-08,2010-10-06,2018-10-08,NA,NA,NA,NA,NA,NA
216,"J:2104","Egidijus Bieliūnas","Egidijus","Bieliūnas","Bieliunas","Bieliūnas","Bieliunas",21,"Lithuania","LT",1950,2,"Male",0,0,1,0,0,"Former GC judge",0,1,0,2013-09-01,2019-09-26,NA,NA,2013-09-01,2019-09-26,NA,NA,NA,NA
217,"J:2105","Virgilijus Valančius","Virgilijus","Valančius","Valancius","Valančius","Valancius",21,"Lithuania","LT",1963,2,"Male",0,0,1,0,0,"Current GC judge",1,1,0,2016-04-13,NA,NA,NA,2016-04-13,NA,NA,NA,NA,NA
218,"J:2106","Irmantas Jarukaitis","Irmantas","Jarukaitis","Jarukaitis","Jarukaitis","Jarukaitis",21,"Lithuania","LT",1973,2,"Male",0,1,0,0,0,"Current CJ judge",1,1,0,2018-10-07,NA,2018-10-07,NA,NA,NA,NA,NA,NA,NA
219,"J:2107","Rimvydas Norkus","Rimvydas","Norkus","Norkus","Norkus","Norkus",21,"Lithuania","LT",1979,2,"Male",0,0,1,0,0,"Current GC judge",1,1,0,2019-09-26,NA,NA,NA,2019-09-26,NA,NA,NA,NA,NA
220,"J:2201","Anthony Borg Barthet","Anthony","Borg Barthet","Borg Barthet","Borg Barthet","Borg Barthet",22,"Malta","MT",1947,2,"Male",0,1,0,0,0,"Former CJ judge",0,1,0,2004-05-01,2018-10-08,2004-05-01,2018-10-08,NA,NA,NA,NA,NA,NA
221,"J:2202","Ena Cremona","Ena","Cremona","Cremona","Cremona","Cremona",22,"Malta","MT",1936,1,"Female",1,0,1,0,0,"Former GC judge",0,1,0,2004-05-01,2012-09-22,NA,NA,2004-05-01,2012-09-22,NA,NA,NA,NA
222,"J:2203","Eugène Buttigieg","Eugène","Buttigieg","Buttigieg","Buttigieg","Buttigieg",22,"Malta","MT",1961,2,"Male",0,0,1,0,0,"Current GC judge",1,1,0,2012-09-22,NA,NA,NA,2012-09-22,NA,NA,NA,NA,NA
223,"J:2204","Peter George Xuereb","Peter George","Xuereb","Xuereb","Xuereb","Xuereb",22,"Malta","MT",1954,2,"Male",0,1,1,0,0,"Current CJ judge; Former GC judge",1,2,0,2016-04-13,NA,2018-10-08,NA,2016-04-13,2018-10-08,NA,NA,NA,NA
224,"J:2205","Ramona Frendo","Ramona","Frendo","Frendo","Frendo","Frendo",22,"Malta","MT",1971,1,"Female",1,0,1,0,0,"Current GC judge",1,1,0,2019-03-20,NA,NA,NA,2019-03-20,NA,NA,NA,NA,NA
225,"J:2301","Jerzy Makarczyk","Jerzy","Makarczyk","Makarczyk","Makarczyk","Makarczyk",23,"Poland","PL",1938,2,"Male",0,1,0,0,0,"Former CJ judge",0,1,0,2004-05-01,2009-10-06,2004-05-01,2009-10-06,NA,NA,NA,NA,NA,NA
226,"J:2302","Irena Wiszniewska-Białecka","Irena","Wiszniewska-Białecka","Wiszniewska-Bialecka","Wiszniewska-Białecka","Wiszniewska-Bialecka",23,"Poland","PL",1957,1,"Female",1,0,1,0,0,"Former GC judge",0,1,0,2004-05-01,2016-09-19,NA,NA,2004-05-01,2016-09-19,NA,NA,NA,NA
227,"J:2303","Irena Boruta","Irena","Boruta","Boruta","Boruta","Boruta",23,"Poland","PL",1950,1,"Female",1,0,0,1,0,"Former CST judge",0,1,0,2005-10-06,2013-10-07,NA,NA,NA,NA,2005-10-06,2013-10-07,NA,NA
228,"J:2304","Marek Safjan","Marek","Safjan","Safjan","Safjan","Safjan",23,"Poland","PL",1949,2,"Male",0,1,0,0,0,"Current CJ judge",1,1,0,2009-10-07,NA,2009-10-07,NA,NA,NA,NA,NA,NA,NA
229,"J:2305","Maciej Szpunar","Maciej","Szpunar","Szpunar","Szpunar","Szpunar",23,"Poland","PL",1971,2,"Male",0,0,0,0,1,"Current AG",1,1,0,2013-10-23,NA,NA,NA,NA,NA,NA,NA,2013-10-23,NA
230,"J:2306","Nina Półtorak","Nina","Półtorak","Poltorak","Półtorak","Poltorak",23,"Poland","PL",1971,1,"Female",1,0,1,0,0,"Current GC judge",1,1,0,2016-04-13,NA,NA,NA,2016-04-13,NA,NA,NA,NA,NA
231,"J:2307","Krystyna Kowalik-Bańczyk","Krystyna","Kowalik-Bańczyk","Kowalik-Banczyk","Kowalik-Bańczyk","Kowalik-Banczyk",23,"Poland","PL",1976,2,"Male",0,0,1,0,0,"Current GC judge",1,1,0,2016-09-01,NA,NA,NA,2016-09-01,NA,NA,NA,NA,NA
232,"J:2401","Ján Klučka","Ján","Klučka","Klucka","Klučka","Klucka",24,"Slovakia","SK",1951,2,"Male",0,1,0,0,0,"Former CJ judge",0,1,0,2004-05-01,2009-10-06,2004-05-01,2009-10-06,NA,NA,NA,NA,NA,NA
233,"J:2402","Daniel Šváby","Daniel","Šváby","Svaby","Šváby","Svaby",24,"Slovakia","SK",1951,2,"Male",0,1,1,0,0,"Former CJ judge; Former GC judge",0,2,0,2004-05-12,2021-10-07,2009-10-07,2021-10-07,2004-05-12,2009-10-06,NA,NA,NA,NA
234,"J:2403","Ján Mazák","Ján","Mazák","Mazak","Mazák","Mazak",24,"Slovakia","SK",1954,2,"Male",0,0,0,0,1,"Former AG",0,1,0,2006-10-07,2012-10-08,NA,NA,NA,NA,NA,NA,2006-10-07,2012-10-08
235,"J:2404","Juraj Schwarcz","Juraj","Schwarcz","Schwarcz","Schwarcz","Schwarcz",24,"Slovakia","SK",1952,2,"Male",0,0,1,0,0,"Current GC judge",1,1,0,2009-10-07,NA,NA,NA,2009-10-07,NA,NA,NA,NA,NA
236,"J:2405","Miroslav Gavalec","Miroslav","Gavalec","Gavalec","Gavalec","Gavalec",24,"Slovakia","SK",1961,2,"Male",0,1,0,0,0,"Current CJ judge",1,1,0,2021-10-07,NA,2021-10-07,NA,NA,NA,NA,NA,NA,NA
237,"J:2501","Marko Ilešič","Marko","Ilešič","Ilesic","Ilešič","Ilesic",25,"Slovenia","SI",1947,2,"Male",0,1,0,0,0,"Current CJ judge",1,1,0,2004-05-01,NA,2004-05-01,NA,NA,NA,NA,NA,NA,NA
238,"J:2502","Verica Trstenjak","Verica","Trstenjak","Trstenjak","Trstenjak","Trstenjak",25,"Slovenia","SI",1962,2,"Male",0,0,1,0,1,"Former GC judge; Former AG",0,2,0,2004-07-01,2012-11-28,NA,NA,2004-07-01,2006-10-06,NA,NA,2006-10-07,2012-11-28
239,"J:2503","Miro Prek","Miro","Prek","Prek","Prek","Prek",25,"Slovenia","SI",1956,2,"Male",0,0,1,0,0,"Former GC judge",0,1,0,2006-10-06,2019-09-26,NA,NA,2006-10-06,2019-09-26,NA,NA,NA,NA
240,"J:2504","Maja Brkan","Maja","Brkan","Brkan","Brkan","Brkan",25,"Slovenia","SI",1979,1,"Female",1,0,1,0,0,"Current GC judge",1,1,0,2021-07-06,NA,NA,NA,2021-07-06,NA,NA,NA,NA,NA
241,"J:2601","Alexander Arabadjiev","Alexander","Arabadjiev","Arabadjiev","Arabadjiev","Arabadjiev",26,"Bulgaria","BG",1949,2,"Male",0,1,0,0,0,"Current CJ judge",1,1,0,2007-01-01,NA,2007-01-01,NA,NA,NA,NA,NA,NA,NA
242,"J:2602","Teodor Tchipev","Teodor","Tchipev","Tchipev","Tchipev","Tchipev",26,"Bulgaria","BG",1940,2,"Male",0,0,1,0,0,"Former GC judge",0,1,0,2007-09-01,2011-09-12,NA,NA,2007-09-01,2011-09-12,NA,NA,NA,NA
243,"J:2603","Mariyana Kancheva","Mariyana","Kancheva","Kancheva","Kancheva","Kancheva",26,"Bulgaria","BG",1958,1,"Female",1,0,1,0,0,"Current GC judge",1,1,0,2011-09-12,NA,NA,NA,2011-09-12,NA,NA,NA,NA,NA
244,"J:2604","Alexander Kornezov","Alexander","Kornezov","Kornezov","Kornezov","Kornezov",26,"Bulgaria","BG",1978,2,"Male",0,0,1,1,0,"Current GC judge; Former CST judge",1,2,0,2016-04-13,NA,NA,NA,2016-09-01,NA,2016-04-13,2016-08-31,NA,NA
245,"J:2605","Evgeni Tanchev","Evgeni","Tanchev","Tanchev","Tanchev","Tanchev",26,"Bulgaria","BG",1952,2,"Male",0,0,0,0,1,"Former AG",0,1,0,2016-09-19,2021-10-07,NA,NA,NA,NA,NA,NA,2016-09-19,2021-10-07
246,"J:2701","Valeriu Ciucă","Valeriu","Ciucă","Ciuca","Ciucă","Ciuca",27,"Romania","RO",1960,2,"Male",0,0,1,0,0,"Former GC judge",0,1,0,2007-01-01,2010-11-26,NA,NA,2007-01-01,2010-11-26,NA,NA,NA,NA
247,"J:2702","Camelia Toader","Camelia","Toader","Toader","Toader","Toader",27,"Romania","RO",1963,1,"Female",1,1,0,0,0,"Former CJ judge",0,1,0,2007-01-12,2021-10-07,2007-01-12,2021-10-07,NA,NA,NA,NA,NA,NA
248,"J:2703","Andrei Popescu","Andrei","Popescu","Popescu","Popescu","Popescu",27,"Romania","RO",1948,2,"Male",0,0,1,0,0,"Former GC judge",0,1,0,2010-11-26,2016-08-31,NA,NA,2010-11-26,2016-08-31,NA,NA,NA,NA
249,"J:2704","Octavia Spineanu-Matei","Octavia","Spineanu-Matei","Spineanu-Matei","Spineanu-Matei","Spineanu-Matei",27,"Romania","RO",1967,1,"Female",1,1,1,0,0,"Current CJ judge; Former GC judge",1,2,0,2016-09-19,NA,2021-10-07,NA,2016-09-19,2021-10-07,NA,NA,NA,NA
250,"J:2705","Mirela Stancu","Mirela","Stancu","Stancu","Stancu","Stancu",27,"Romania","RO",1974,1,"Female",1,0,1,0,0,"Current GC judge",1,1,0,2019-09-01,NA,NA,NA,2019-09-01,NA,NA,NA,NA,NA
251,"J:2801","Siniša Rodin","Siniša","Rodin","Rodin","Rodin","Rodin",28,"Croatia","HR",1965,2,"Male",0,1,0,0,0,"Current CJ judge",1,1,0,2013-07-01,NA,2013-07-01,NA,NA,NA,NA,NA,NA,NA
252,"J:2802","Vesna Tomljenović","Vesna","Tomljenović","Tomljenovic","Tomljenović","Tomljenovic",28,"Croatia","HR",1956,1,"Female",1,0,1,0,0,"Current GC judge",1,1,0,2013-07-01,NA,NA,NA,2013-07-01,NA,NA,NA,NA,NA
253,"J:2803","Tamara Perišin","Tamara","Perišin","Perisin","Perišin","Perisin",28,"Croatia","HR",1979,1,"Female",1,0,1,0,0,"Current GC judge",1,1,0,2019-09-26,NA,NA,NA,2019-09-26,NA,NA,NA,NA,NA
254,"J:2804","Tamara Ćapeta","Tamara","Ćapeta","Capeta","Ćapeta","Capeta",28,"Croatia","HR",1967,1,"Female",1,0,0,0,1,"Current AG",1,1,0,2021-10-07,NA,NA,NA,NA,NA,NA,NA,2021-10-07,NA
